FILE NAME,FORMAT,SIZE,URL
NORMAL-1,PNG,1024*1024,https://www.kaggle.com/paultimothymooney/chest-xray-pneumonia
NORMAL-2,PNG,1024*1024,https://www.kaggle.com/paultimothymooney/chest-xray-pneumonia
NORMAL-3,PNG,1024*1024,https://www.kaggle.com/paultimothymooney/chest-xray-pneumonia
NORMAL-4,PNG,1024*1024,https://www.kaggle.com/paultimothymooney/chest-xray-pneumonia
NORMAL-5,PNG,1024*1024,https://www.kaggle.com/paultimothymooney/chest-xray-pneumonia
NORMAL-6,PNG,1024*1024,https://www.kaggle.com/paultimothymooney/chest-xray-pneumonia
NORMAL-7,PNG,1024*1024,https://www.kaggle.com/paultimothymooney/chest-xray-pneumonia
NORMAL-8,PNG,1024*1024,https://www.kaggle.com/paultimothymooney/chest-xray-pneumonia
NORMAL-9,PNG,1024*1024,https://www.kaggle.com/paultimothymooney/chest-xray-pneumonia
NORMAL-10,PNG,1024*1024,https://www.kaggle.com/paultimothymooney/chest-xray-pneumonia
NORMAL-11,PNG,1024*1024,https://www.kaggle.com/paultimothymooney/chest-xray-pneumonia
NORMAL-12,PNG,1024*1024,https://www.kaggle.com/paultimothymooney/chest-xray-pneumonia
NORMAL-13,PNG,1024*1024,https://www.kaggle.com/paultimothymooney/chest-xray-pneumonia
NORMAL-14,PNG,1024*1024,https://www.kaggle.com/paultimothymooney/chest-xray-pneumonia
NORMAL-15,PNG,1024*1024,https://www.kaggle.com/paultimothymooney/chest-xray-pneumonia
NORMAL-16,PNG,1024*1024,https://www.kaggle.com/paultimothymooney/chest-xray-pneumonia
NORMAL-17,PNG,1024*1024,https://www.kaggle.com/paultimothymooney/chest-xray-pneumonia
NORMAL-18,PNG,1024*1024,https://www.kaggle.com/paultimothymooney/chest-xray-pneumonia
NORMAL-19,PNG,1024*1024,https://www.kaggle.com/paultimothymooney/chest-xray-pneumonia
NORMAL-20,PNG,1024*1024,https://www.kaggle.com/paultimothymooney/chest-xray-pneumonia
NORMAL-21,PNG,1024*1024,https://www.kaggle.com/paultimothymooney/chest-xray-pneumonia
NORMAL-22,PNG,1024*1024,https://www.kaggle.com/paultimothymooney/chest-xray-pneumonia
NORMAL-23,PNG,1024*1024,https://www.kaggle.com/paultimothymooney/chest-xray-pneumonia
NORMAL-24,PNG,1024*1024,https://www.kaggle.com/paultimothymooney/chest-xray-pneumonia
NORMAL-25,PNG,1024*1024,https://www.kaggle.com/paultimothymooney/chest-xray-pneumonia
NORMAL-26,PNG,1024*1024,https://www.kaggle.com/paultimothymooney/chest-xray-pneumonia
NORMAL-27,PNG,1024*1024,https://www.kaggle.com/paultimothymooney/chest-xray-pneumonia
NORMAL-28,PNG,1024*1024,https://www.kaggle.com/paultimothymooney/chest-xray-pneumonia
NORMAL-29,PNG,1024*1024,https://www.kaggle.com/paultimothymooney/chest-xray-pneumonia
NORMAL-30,PNG,1024*1024,https://www.kaggle.com/paultimothymooney/chest-xray-pneumonia
NORMAL-31,PNG,1024*1024,https://www.kaggle.com/paultimothymooney/chest-xray-pneumonia
NORMAL-32,PNG,1024*1024,https://www.kaggle.com/paultimothymooney/chest-xray-pneumonia
NORMAL-33,PNG,1024*1024,https://www.kaggle.com/paultimothymooney/chest-xray-pneumonia
NORMAL-34,PNG,1024*1024,https://www.kaggle.com/paultimothymooney/chest-xray-pneumonia
NORMAL-35,PNG,1024*1024,https://www.kaggle.com/paultimothymooney/chest-xray-pneumonia
NORMAL-36,PNG,1024*1024,https://www.kaggle.com/paultimothymooney/chest-xray-pneumonia
NORMAL-37,PNG,1024*1024,https://www.kaggle.com/paultimothymooney/chest-xray-pneumonia
NORMAL-38,PNG,1024*1024,https://www.kaggle.com/paultimothymooney/chest-xray-pneumonia
NORMAL-39,PNG,1024*1024,https://www.kaggle.com/paultimothymooney/chest-xray-pneumonia
NORMAL-40,PNG,1024*1024,https://www.kaggle.com/paultimothymooney/chest-xray-pneumonia
NORMAL-41,PNG,1024*1024,https://www.kaggle.com/paultimothymooney/chest-xray-pneumonia
NORMAL-42,PNG,1024*1024,https://www.kaggle.com/paultimothymooney/chest-xray-pneumonia
NORMAL-43,PNG,1024*1024,https://www.kaggle.com/paultimothymooney/chest-xray-pneumonia
NORMAL-44,PNG,1024*1024,https://www.kaggle.com/paultimothymooney/chest-xray-pneumonia
NORMAL-45,PNG,1024*1024,https://www.kaggle.com/paultimothymooney/chest-xray-pneumonia
NORMAL-46,PNG,1024*1024,https://www.kaggle.com/paultimothymooney/chest-xray-pneumonia
NORMAL-47,PNG,1024*1024,https://www.kaggle.com/paultimothymooney/chest-xray-pneumonia
NORMAL-48,PNG,1024*1024,https://www.kaggle.com/paultimothymooney/chest-xray-pneumonia
NORMAL-49,PNG,1024*1024,https://www.kaggle.com/paultimothymooney/chest-xray-pneumonia
NORMAL-50,PNG,1024*1024,https://www.kaggle.com/paultimothymooney/chest-xray-pneumonia
NORMAL-51,PNG,1024*1024,https://www.kaggle.com/paultimothymooney/chest-xray-pneumonia
NORMAL-52,PNG,1024*1024,https://www.kaggle.com/paultimothymooney/chest-xray-pneumonia
NORMAL-53,PNG,1024*1024,https://www.kaggle.com/paultimothymooney/chest-xray-pneumonia
NORMAL-54,PNG,1024*1024,https://www.kaggle.com/paultimothymooney/chest-xray-pneumonia
NORMAL-55,PNG,1024*1024,https://www.kaggle.com/paultimothymooney/chest-xray-pneumonia
NORMAL-56,PNG,1024*1024,https://www.kaggle.com/paultimothymooney/chest-xray-pneumonia
NORMAL-57,PNG,1024*1024,https://www.kaggle.com/paultimothymooney/chest-xray-pneumonia
NORMAL-58,PNG,1024*1024,https://www.kaggle.com/paultimothymooney/chest-xray-pneumonia
NORMAL-59,PNG,1024*1024,https://www.kaggle.com/paultimothymooney/chest-xray-pneumonia
NORMAL-60,PNG,1024*1024,https://www.kaggle.com/paultimothymooney/chest-xray-pneumonia
NORMAL-61,PNG,1024*1024,https://www.kaggle.com/paultimothymooney/chest-xray-pneumonia
NORMAL-62,PNG,1024*1024,https://www.kaggle.com/paultimothymooney/chest-xray-pneumonia
NORMAL-63,PNG,1024*1024,https://www.kaggle.com/paultimothymooney/chest-xray-pneumonia
NORMAL-64,PNG,1024*1024,https://www.kaggle.com/paultimothymooney/chest-xray-pneumonia
NORMAL-65,PNG,1024*1024,https://www.kaggle.com/paultimothymooney/chest-xray-pneumonia
NORMAL-66,PNG,1024*1024,https://www.kaggle.com/paultimothymooney/chest-xray-pneumonia
NORMAL-67,PNG,1024*1024,https://www.kaggle.com/paultimothymooney/chest-xray-pneumonia
NORMAL-68,PNG,1024*1024,https://www.kaggle.com/paultimothymooney/chest-xray-pneumonia
NORMAL-69,PNG,1024*1024,https://www.kaggle.com/paultimothymooney/chest-xray-pneumonia
NORMAL-70,PNG,1024*1024,https://www.kaggle.com/paultimothymooney/chest-xray-pneumonia
NORMAL-71,PNG,1024*1024,https://www.kaggle.com/paultimothymooney/chest-xray-pneumonia
NORMAL-72,PNG,1024*1024,https://www.kaggle.com/paultimothymooney/chest-xray-pneumonia
NORMAL-73,PNG,1024*1024,https://www.kaggle.com/paultimothymooney/chest-xray-pneumonia
NORMAL-74,PNG,1024*1024,https://www.kaggle.com/paultimothymooney/chest-xray-pneumonia
NORMAL-75,PNG,1024*1024,https://www.kaggle.com/paultimothymooney/chest-xray-pneumonia
NORMAL-76,PNG,1024*1024,https://www.kaggle.com/paultimothymooney/chest-xray-pneumonia
NORMAL-77,PNG,1024*1024,https://www.kaggle.com/paultimothymooney/chest-xray-pneumonia
NORMAL-78,PNG,1024*1024,https://www.kaggle.com/paultimothymooney/chest-xray-pneumonia
NORMAL-79,PNG,1024*1024,https://www.kaggle.com/paultimothymooney/chest-xray-pneumonia
NORMAL-80,PNG,1024*1024,https://www.kaggle.com/paultimothymooney/chest-xray-pneumonia
NORMAL-81,PNG,1024*1024,https://www.kaggle.com/paultimothymooney/chest-xray-pneumonia
NORMAL-82,PNG,1024*1024,https://www.kaggle.com/paultimothymooney/chest-xray-pneumonia
NORMAL-83,PNG,1024*1024,https://www.kaggle.com/paultimothymooney/chest-xray-pneumonia
NORMAL-84,PNG,1024*1024,https://www.kaggle.com/paultimothymooney/chest-xray-pneumonia
NORMAL-85,PNG,1024*1024,https://www.kaggle.com/paultimothymooney/chest-xray-pneumonia
NORMAL-86,PNG,1024*1024,https://www.kaggle.com/paultimothymooney/chest-xray-pneumonia
NORMAL-87,PNG,1024*1024,https://www.kaggle.com/paultimothymooney/chest-xray-pneumonia
NORMAL-88,PNG,1024*1024,https://www.kaggle.com/paultimothymooney/chest-xray-pneumonia
NORMAL-89,PNG,1024*1024,https://www.kaggle.com/paultimothymooney/chest-xray-pneumonia
NORMAL-90,PNG,1024*1024,https://www.kaggle.com/paultimothymooney/chest-xray-pneumonia
NORMAL-91,PNG,1024*1024,https://www.kaggle.com/paultimothymooney/chest-xray-pneumonia
NORMAL-92,PNG,1024*1024,https://www.kaggle.com/paultimothymooney/chest-xray-pneumonia
NORMAL-93,PNG,1024*1024,https://www.kaggle.com/paultimothymooney/chest-xray-pneumonia
NORMAL-94,PNG,1024*1024,https://www.kaggle.com/paultimothymooney/chest-xray-pneumonia
NORMAL-95,PNG,1024*1024,https://www.kaggle.com/paultimothymooney/chest-xray-pneumonia
NORMAL-96,PNG,1024*1024,https://www.kaggle.com/paultimothymooney/chest-xray-pneumonia
NORMAL-97,PNG,1024*1024,https://www.kaggle.com/paultimothymooney/chest-xray-pneumonia
NORMAL-98,PNG,1024*1024,https://www.kaggle.com/paultimothymooney/chest-xray-pneumonia
NORMAL-99,PNG,1024*1024,https://www.kaggle.com/paultimothymooney/chest-xray-pneumonia
NORMAL-100,PNG,1024*1024,https://www.kaggle.com/paultimothymooney/chest-xray-pneumonia
NORMAL-101,PNG,1024*1024,https://www.kaggle.com/paultimothymooney/chest-xray-pneumonia
NORMAL-102,PNG,1024*1024,https://www.kaggle.com/paultimothymooney/chest-xray-pneumonia
NORMAL-103,PNG,1024*1024,https://www.kaggle.com/paultimothymooney/chest-xray-pneumonia
NORMAL-104,PNG,1024*1024,https://www.kaggle.com/paultimothymooney/chest-xray-pneumonia
NORMAL-105,PNG,1024*1024,https://www.kaggle.com/paultimothymooney/chest-xray-pneumonia
NORMAL-106,PNG,1024*1024,https://www.kaggle.com/paultimothymooney/chest-xray-pneumonia
NORMAL-107,PNG,1024*1024,https://www.kaggle.com/paultimothymooney/chest-xray-pneumonia
NORMAL-108,PNG,1024*1024,https://www.kaggle.com/paultimothymooney/chest-xray-pneumonia
NORMAL-109,PNG,1024*1024,https://www.kaggle.com/paultimothymooney/chest-xray-pneumonia
NORMAL-110,PNG,1024*1024,https://www.kaggle.com/paultimothymooney/chest-xray-pneumonia
NORMAL-111,PNG,1024*1024,https://www.kaggle.com/paultimothymooney/chest-xray-pneumonia
NORMAL-112,PNG,1024*1024,https://www.kaggle.com/paultimothymooney/chest-xray-pneumonia
NORMAL-113,PNG,1024*1024,https://www.kaggle.com/paultimothymooney/chest-xray-pneumonia
NORMAL-114,PNG,1024*1024,https://www.kaggle.com/paultimothymooney/chest-xray-pneumonia
NORMAL-115,PNG,1024*1024,https://www.kaggle.com/paultimothymooney/chest-xray-pneumonia
NORMAL-116,PNG,1024*1024,https://www.kaggle.com/paultimothymooney/chest-xray-pneumonia
NORMAL-117,PNG,1024*1024,https://www.kaggle.com/paultimothymooney/chest-xray-pneumonia
NORMAL-118,PNG,1024*1024,https://www.kaggle.com/paultimothymooney/chest-xray-pneumonia
NORMAL-119,PNG,1024*1024,https://www.kaggle.com/paultimothymooney/chest-xray-pneumonia
NORMAL-120,PNG,1024*1024,https://www.kaggle.com/paultimothymooney/chest-xray-pneumonia
NORMAL-121,PNG,1024*1024,https://www.kaggle.com/paultimothymooney/chest-xray-pneumonia
NORMAL-122,PNG,1024*1024,https://www.kaggle.com/paultimothymooney/chest-xray-pneumonia
NORMAL-123,PNG,1024*1024,https://www.kaggle.com/paultimothymooney/chest-xray-pneumonia
NORMAL-124,PNG,1024*1024,https://www.kaggle.com/paultimothymooney/chest-xray-pneumonia
NORMAL-125,PNG,1024*1024,https://www.kaggle.com/paultimothymooney/chest-xray-pneumonia
NORMAL-126,PNG,1024*1024,https://www.kaggle.com/paultimothymooney/chest-xray-pneumonia
NORMAL-127,PNG,1024*1024,https://www.kaggle.com/paultimothymooney/chest-xray-pneumonia
NORMAL-128,PNG,1024*1024,https://www.kaggle.com/paultimothymooney/chest-xray-pneumonia
NORMAL-129,PNG,1024*1024,https://www.kaggle.com/paultimothymooney/chest-xray-pneumonia
NORMAL-130,PNG,1024*1024,https://www.kaggle.com/paultimothymooney/chest-xray-pneumonia
NORMAL-131,PNG,1024*1024,https://www.kaggle.com/paultimothymooney/chest-xray-pneumonia
NORMAL-132,PNG,1024*1024,https://www.kaggle.com/paultimothymooney/chest-xray-pneumonia
NORMAL-133,PNG,1024*1024,https://www.kaggle.com/paultimothymooney/chest-xray-pneumonia
NORMAL-134,PNG,1024*1024,https://www.kaggle.com/paultimothymooney/chest-xray-pneumonia
NORMAL-135,PNG,1024*1024,https://www.kaggle.com/paultimothymooney/chest-xray-pneumonia
NORMAL-136,PNG,1024*1024,https://www.kaggle.com/paultimothymooney/chest-xray-pneumonia
NORMAL-137,PNG,1024*1024,https://www.kaggle.com/paultimothymooney/chest-xray-pneumonia
NORMAL-138,PNG,1024*1024,https://www.kaggle.com/paultimothymooney/chest-xray-pneumonia
NORMAL-139,PNG,1024*1024,https://www.kaggle.com/paultimothymooney/chest-xray-pneumonia
NORMAL-140,PNG,1024*1024,https://www.kaggle.com/paultimothymooney/chest-xray-pneumonia
NORMAL-141,PNG,1024*1024,https://www.kaggle.com/paultimothymooney/chest-xray-pneumonia
NORMAL-142,PNG,1024*1024,https://www.kaggle.com/paultimothymooney/chest-xray-pneumonia
NORMAL-143,PNG,1024*1024,https://www.kaggle.com/paultimothymooney/chest-xray-pneumonia
NORMAL-144,PNG,1024*1024,https://www.kaggle.com/paultimothymooney/chest-xray-pneumonia
NORMAL-145,PNG,1024*1024,https://www.kaggle.com/paultimothymooney/chest-xray-pneumonia
NORMAL-146,PNG,1024*1024,https://www.kaggle.com/paultimothymooney/chest-xray-pneumonia
NORMAL-147,PNG,1024*1024,https://www.kaggle.com/paultimothymooney/chest-xray-pneumonia
NORMAL-148,PNG,1024*1024,https://www.kaggle.com/paultimothymooney/chest-xray-pneumonia
NORMAL-149,PNG,1024*1024,https://www.kaggle.com/paultimothymooney/chest-xray-pneumonia
NORMAL-150,PNG,1024*1024,https://www.kaggle.com/paultimothymooney/chest-xray-pneumonia
NORMAL-151,PNG,1024*1024,https://www.kaggle.com/paultimothymooney/chest-xray-pneumonia
NORMAL-152,PNG,1024*1024,https://www.kaggle.com/paultimothymooney/chest-xray-pneumonia
NORMAL-153,PNG,1024*1024,https://www.kaggle.com/paultimothymooney/chest-xray-pneumonia
NORMAL-154,PNG,1024*1024,https://www.kaggle.com/paultimothymooney/chest-xray-pneumonia
NORMAL-155,PNG,1024*1024,https://www.kaggle.com/paultimothymooney/chest-xray-pneumonia
NORMAL-156,PNG,1024*1024,https://www.kaggle.com/paultimothymooney/chest-xray-pneumonia
NORMAL-157,PNG,1024*1024,https://www.kaggle.com/paultimothymooney/chest-xray-pneumonia
NORMAL-158,PNG,1024*1024,https://www.kaggle.com/paultimothymooney/chest-xray-pneumonia
NORMAL-159,PNG,1024*1024,https://www.kaggle.com/paultimothymooney/chest-xray-pneumonia
NORMAL-160,PNG,1024*1024,https://www.kaggle.com/paultimothymooney/chest-xray-pneumonia
NORMAL-161,PNG,1024*1024,https://www.kaggle.com/paultimothymooney/chest-xray-pneumonia
NORMAL-162,PNG,1024*1024,https://www.kaggle.com/paultimothymooney/chest-xray-pneumonia
NORMAL-163,PNG,1024*1024,https://www.kaggle.com/paultimothymooney/chest-xray-pneumonia
NORMAL-164,PNG,1024*1024,https://www.kaggle.com/paultimothymooney/chest-xray-pneumonia
NORMAL-165,PNG,1024*1024,https://www.kaggle.com/paultimothymooney/chest-xray-pneumonia
NORMAL-166,PNG,1024*1024,https://www.kaggle.com/paultimothymooney/chest-xray-pneumonia
NORMAL-167,PNG,1024*1024,https://www.kaggle.com/paultimothymooney/chest-xray-pneumonia
NORMAL-168,PNG,1024*1024,https://www.kaggle.com/paultimothymooney/chest-xray-pneumonia
NORMAL-169,PNG,1024*1024,https://www.kaggle.com/paultimothymooney/chest-xray-pneumonia
NORMAL-170,PNG,1024*1024,https://www.kaggle.com/paultimothymooney/chest-xray-pneumonia
NORMAL-171,PNG,1024*1024,https://www.kaggle.com/paultimothymooney/chest-xray-pneumonia
NORMAL-172,PNG,1024*1024,https://www.kaggle.com/paultimothymooney/chest-xray-pneumonia
NORMAL-173,PNG,1024*1024,https://www.kaggle.com/paultimothymooney/chest-xray-pneumonia
NORMAL-174,PNG,1024*1024,https://www.kaggle.com/paultimothymooney/chest-xray-pneumonia
NORMAL-175,PNG,1024*1024,https://www.kaggle.com/paultimothymooney/chest-xray-pneumonia
NORMAL-176,PNG,1024*1024,https://www.kaggle.com/paultimothymooney/chest-xray-pneumonia
NORMAL-177,PNG,1024*1024,https://www.kaggle.com/paultimothymooney/chest-xray-pneumonia
NORMAL-178,PNG,1024*1024,https://www.kaggle.com/paultimothymooney/chest-xray-pneumonia
NORMAL-179,PNG,1024*1024,https://www.kaggle.com/paultimothymooney/chest-xray-pneumonia
NORMAL-180,PNG,1024*1024,https://www.kaggle.com/paultimothymooney/chest-xray-pneumonia
NORMAL-181,PNG,1024*1024,https://www.kaggle.com/paultimothymooney/chest-xray-pneumonia
NORMAL-182,PNG,1024*1024,https://www.kaggle.com/paultimothymooney/chest-xray-pneumonia
NORMAL-183,PNG,1024*1024,https://www.kaggle.com/paultimothymooney/chest-xray-pneumonia
NORMAL-184,PNG,1024*1024,https://www.kaggle.com/paultimothymooney/chest-xray-pneumonia
NORMAL-185,PNG,1024*1024,https://www.kaggle.com/paultimothymooney/chest-xray-pneumonia
NORMAL-186,PNG,1024*1024,https://www.kaggle.com/paultimothymooney/chest-xray-pneumonia
NORMAL-187,PNG,1024*1024,https://www.kaggle.com/paultimothymooney/chest-xray-pneumonia
NORMAL-188,PNG,1024*1024,https://www.kaggle.com/paultimothymooney/chest-xray-pneumonia
NORMAL-189,PNG,1024*1024,https://www.kaggle.com/paultimothymooney/chest-xray-pneumonia
NORMAL-190,PNG,1024*1024,https://www.kaggle.com/paultimothymooney/chest-xray-pneumonia
NORMAL-191,PNG,1024*1024,https://www.kaggle.com/paultimothymooney/chest-xray-pneumonia
NORMAL-192,PNG,1024*1024,https://www.kaggle.com/paultimothymooney/chest-xray-pneumonia
NORMAL-193,PNG,1024*1024,https://www.kaggle.com/paultimothymooney/chest-xray-pneumonia
NORMAL-194,PNG,1024*1024,https://www.kaggle.com/paultimothymooney/chest-xray-pneumonia
NORMAL-195,PNG,1024*1024,https://www.kaggle.com/paultimothymooney/chest-xray-pneumonia
NORMAL-196,PNG,1024*1024,https://www.kaggle.com/paultimothymooney/chest-xray-pneumonia
NORMAL-197,PNG,1024*1024,https://www.kaggle.com/paultimothymooney/chest-xray-pneumonia
NORMAL-198,PNG,1024*1024,https://www.kaggle.com/paultimothymooney/chest-xray-pneumonia
NORMAL-199,PNG,1024*1024,https://www.kaggle.com/paultimothymooney/chest-xray-pneumonia
NORMAL-200,PNG,1024*1024,https://www.kaggle.com/paultimothymooney/chest-xray-pneumonia
NORMAL-201,PNG,1024*1024,https://www.kaggle.com/paultimothymooney/chest-xray-pneumonia
NORMAL-202,PNG,1024*1024,https://www.kaggle.com/paultimothymooney/chest-xray-pneumonia
NORMAL-203,PNG,1024*1024,https://www.kaggle.com/paultimothymooney/chest-xray-pneumonia
NORMAL-204,PNG,1024*1024,https://www.kaggle.com/paultimothymooney/chest-xray-pneumonia
NORMAL-205,PNG,1024*1024,https://www.kaggle.com/paultimothymooney/chest-xray-pneumonia
NORMAL-206,PNG,1024*1024,https://www.kaggle.com/paultimothymooney/chest-xray-pneumonia
NORMAL-207,PNG,1024*1024,https://www.kaggle.com/paultimothymooney/chest-xray-pneumonia
NORMAL-208,PNG,1024*1024,https://www.kaggle.com/paultimothymooney/chest-xray-pneumonia
NORMAL-209,PNG,1024*1024,https://www.kaggle.com/paultimothymooney/chest-xray-pneumonia
NORMAL-210,PNG,1024*1024,https://www.kaggle.com/paultimothymooney/chest-xray-pneumonia
NORMAL-211,PNG,1024*1024,https://www.kaggle.com/paultimothymooney/chest-xray-pneumonia
NORMAL-212,PNG,1024*1024,https://www.kaggle.com/paultimothymooney/chest-xray-pneumonia
NORMAL-213,PNG,1024*1024,https://www.kaggle.com/paultimothymooney/chest-xray-pneumonia
NORMAL-214,PNG,1024*1024,https://www.kaggle.com/paultimothymooney/chest-xray-pneumonia
NORMAL-215,PNG,1024*1024,https://www.kaggle.com/paultimothymooney/chest-xray-pneumonia
NORMAL-216,PNG,1024*1024,https://www.kaggle.com/paultimothymooney/chest-xray-pneumonia
NORMAL-217,PNG,1024*1024,https://www.kaggle.com/paultimothymooney/chest-xray-pneumonia
NORMAL-218,PNG,1024*1024,https://www.kaggle.com/paultimothymooney/chest-xray-pneumonia
NORMAL-219,PNG,1024*1024,https://www.kaggle.com/paultimothymooney/chest-xray-pneumonia
NORMAL-220,PNG,1024*1024,https://www.kaggle.com/paultimothymooney/chest-xray-pneumonia
NORMAL-221,PNG,1024*1024,https://www.kaggle.com/paultimothymooney/chest-xray-pneumonia
NORMAL-222,PNG,1024*1024,https://www.kaggle.com/paultimothymooney/chest-xray-pneumonia
NORMAL-223,PNG,1024*1024,https://www.kaggle.com/paultimothymooney/chest-xray-pneumonia
NORMAL-224,PNG,1024*1024,https://www.kaggle.com/paultimothymooney/chest-xray-pneumonia
NORMAL-225,PNG,1024*1024,https://www.kaggle.com/paultimothymooney/chest-xray-pneumonia
NORMAL-226,PNG,1024*1024,https://www.kaggle.com/paultimothymooney/chest-xray-pneumonia
NORMAL-227,PNG,1024*1024,https://www.kaggle.com/paultimothymooney/chest-xray-pneumonia
NORMAL-228,PNG,1024*1024,https://www.kaggle.com/paultimothymooney/chest-xray-pneumonia
NORMAL-229,PNG,1024*1024,https://www.kaggle.com/paultimothymooney/chest-xray-pneumonia
NORMAL-230,PNG,1024*1024,https://www.kaggle.com/paultimothymooney/chest-xray-pneumonia
NORMAL-231,PNG,1024*1024,https://www.kaggle.com/paultimothymooney/chest-xray-pneumonia
NORMAL-232,PNG,1024*1024,https://www.kaggle.com/paultimothymooney/chest-xray-pneumonia
NORMAL-233,PNG,1024*1024,https://www.kaggle.com/paultimothymooney/chest-xray-pneumonia
NORMAL-234,PNG,1024*1024,https://www.kaggle.com/paultimothymooney/chest-xray-pneumonia
NORMAL-235,PNG,1024*1024,https://www.kaggle.com/paultimothymooney/chest-xray-pneumonia
NORMAL-236,PNG,1024*1024,https://www.kaggle.com/paultimothymooney/chest-xray-pneumonia
NORMAL-237,PNG,1024*1024,https://www.kaggle.com/paultimothymooney/chest-xray-pneumonia
NORMAL-238,PNG,1024*1024,https://www.kaggle.com/paultimothymooney/chest-xray-pneumonia
NORMAL-239,PNG,1024*1024,https://www.kaggle.com/paultimothymooney/chest-xray-pneumonia
NORMAL-240,PNG,1024*1024,https://www.kaggle.com/paultimothymooney/chest-xray-pneumonia
NORMAL-241,PNG,1024*1024,https://www.kaggle.com/paultimothymooney/chest-xray-pneumonia
NORMAL-242,PNG,1024*1024,https://www.kaggle.com/paultimothymooney/chest-xray-pneumonia
NORMAL-243,PNG,1024*1024,https://www.kaggle.com/paultimothymooney/chest-xray-pneumonia
NORMAL-244,PNG,1024*1024,https://www.kaggle.com/paultimothymooney/chest-xray-pneumonia
NORMAL-245,PNG,1024*1024,https://www.kaggle.com/paultimothymooney/chest-xray-pneumonia
NORMAL-246,PNG,1024*1024,https://www.kaggle.com/paultimothymooney/chest-xray-pneumonia
NORMAL-247,PNG,1024*1024,https://www.kaggle.com/paultimothymooney/chest-xray-pneumonia
NORMAL-248,PNG,1024*1024,https://www.kaggle.com/paultimothymooney/chest-xray-pneumonia
NORMAL-249,PNG,1024*1024,https://www.kaggle.com/paultimothymooney/chest-xray-pneumonia
NORMAL-250,PNG,1024*1024,https://www.kaggle.com/paultimothymooney/chest-xray-pneumonia
NORMAL-251,PNG,1024*1024,https://www.kaggle.com/paultimothymooney/chest-xray-pneumonia
NORMAL-252,PNG,1024*1024,https://www.kaggle.com/paultimothymooney/chest-xray-pneumonia
NORMAL-253,PNG,1024*1024,https://www.kaggle.com/paultimothymooney/chest-xray-pneumonia
NORMAL-254,PNG,1024*1024,https://www.kaggle.com/paultimothymooney/chest-xray-pneumonia
NORMAL-255,PNG,1024*1024,https://www.kaggle.com/paultimothymooney/chest-xray-pneumonia
NORMAL-256,PNG,1024*1024,https://www.kaggle.com/paultimothymooney/chest-xray-pneumonia
NORMAL-257,PNG,1024*1024,https://www.kaggle.com/paultimothymooney/chest-xray-pneumonia
NORMAL-258,PNG,1024*1024,https://www.kaggle.com/paultimothymooney/chest-xray-pneumonia
NORMAL-259,PNG,1024*1024,https://www.kaggle.com/paultimothymooney/chest-xray-pneumonia
NORMAL-260,PNG,1024*1024,https://www.kaggle.com/paultimothymooney/chest-xray-pneumonia
NORMAL-261,PNG,1024*1024,https://www.kaggle.com/paultimothymooney/chest-xray-pneumonia
NORMAL-262,PNG,1024*1024,https://www.kaggle.com/paultimothymooney/chest-xray-pneumonia
NORMAL-263,PNG,1024*1024,https://www.kaggle.com/paultimothymooney/chest-xray-pneumonia
NORMAL-264,PNG,1024*1024,https://www.kaggle.com/paultimothymooney/chest-xray-pneumonia
NORMAL-265,PNG,1024*1024,https://www.kaggle.com/paultimothymooney/chest-xray-pneumonia
NORMAL-266,PNG,1024*1024,https://www.kaggle.com/paultimothymooney/chest-xray-pneumonia
NORMAL-267,PNG,1024*1024,https://www.kaggle.com/paultimothymooney/chest-xray-pneumonia
NORMAL-268,PNG,1024*1024,https://www.kaggle.com/paultimothymooney/chest-xray-pneumonia
NORMAL-269,PNG,1024*1024,https://www.kaggle.com/paultimothymooney/chest-xray-pneumonia
NORMAL-270,PNG,1024*1024,https://www.kaggle.com/paultimothymooney/chest-xray-pneumonia
NORMAL-271,PNG,1024*1024,https://www.kaggle.com/paultimothymooney/chest-xray-pneumonia
NORMAL-272,PNG,1024*1024,https://www.kaggle.com/paultimothymooney/chest-xray-pneumonia
NORMAL-273,PNG,1024*1024,https://www.kaggle.com/paultimothymooney/chest-xray-pneumonia
NORMAL-274,PNG,1024*1024,https://www.kaggle.com/paultimothymooney/chest-xray-pneumonia
NORMAL-275,PNG,1024*1024,https://www.kaggle.com/paultimothymooney/chest-xray-pneumonia
NORMAL-276,PNG,1024*1024,https://www.kaggle.com/paultimothymooney/chest-xray-pneumonia
NORMAL-277,PNG,1024*1024,https://www.kaggle.com/paultimothymooney/chest-xray-pneumonia
NORMAL-278,PNG,1024*1024,https://www.kaggle.com/paultimothymooney/chest-xray-pneumonia
NORMAL-279,PNG,1024*1024,https://www.kaggle.com/paultimothymooney/chest-xray-pneumonia
NORMAL-280,PNG,1024*1024,https://www.kaggle.com/paultimothymooney/chest-xray-pneumonia
NORMAL-281,PNG,1024*1024,https://www.kaggle.com/paultimothymooney/chest-xray-pneumonia
NORMAL-282,PNG,1024*1024,https://www.kaggle.com/paultimothymooney/chest-xray-pneumonia
NORMAL-283,PNG,1024*1024,https://www.kaggle.com/paultimothymooney/chest-xray-pneumonia
NORMAL-284,PNG,1024*1024,https://www.kaggle.com/paultimothymooney/chest-xray-pneumonia
NORMAL-285,PNG,1024*1024,https://www.kaggle.com/paultimothymooney/chest-xray-pneumonia
NORMAL-286,PNG,1024*1024,https://www.kaggle.com/paultimothymooney/chest-xray-pneumonia
NORMAL-287,PNG,1024*1024,https://www.kaggle.com/paultimothymooney/chest-xray-pneumonia
NORMAL-288,PNG,1024*1024,https://www.kaggle.com/paultimothymooney/chest-xray-pneumonia
NORMAL-289,PNG,1024*1024,https://www.kaggle.com/paultimothymooney/chest-xray-pneumonia
NORMAL-290,PNG,1024*1024,https://www.kaggle.com/paultimothymooney/chest-xray-pneumonia
NORMAL-291,PNG,1024*1024,https://www.kaggle.com/paultimothymooney/chest-xray-pneumonia
NORMAL-292,PNG,1024*1024,https://www.kaggle.com/paultimothymooney/chest-xray-pneumonia
NORMAL-293,PNG,1024*1024,https://www.kaggle.com/paultimothymooney/chest-xray-pneumonia
NORMAL-294,PNG,1024*1024,https://www.kaggle.com/paultimothymooney/chest-xray-pneumonia
NORMAL-295,PNG,1024*1024,https://www.kaggle.com/paultimothymooney/chest-xray-pneumonia
NORMAL-296,PNG,1024*1024,https://www.kaggle.com/paultimothymooney/chest-xray-pneumonia
NORMAL-297,PNG,1024*1024,https://www.kaggle.com/paultimothymooney/chest-xray-pneumonia
NORMAL-298,PNG,1024*1024,https://www.kaggle.com/paultimothymooney/chest-xray-pneumonia
NORMAL-299,PNG,1024*1024,https://www.kaggle.com/paultimothymooney/chest-xray-pneumonia
NORMAL-300,PNG,1024*1024,https://www.kaggle.com/paultimothymooney/chest-xray-pneumonia
NORMAL-301,PNG,1024*1024,https://www.kaggle.com/paultimothymooney/chest-xray-pneumonia
NORMAL-302,PNG,1024*1024,https://www.kaggle.com/paultimothymooney/chest-xray-pneumonia
NORMAL-303,PNG,1024*1024,https://www.kaggle.com/paultimothymooney/chest-xray-pneumonia
NORMAL-304,PNG,1024*1024,https://www.kaggle.com/paultimothymooney/chest-xray-pneumonia
NORMAL-305,PNG,1024*1024,https://www.kaggle.com/paultimothymooney/chest-xray-pneumonia
NORMAL-306,PNG,1024*1024,https://www.kaggle.com/paultimothymooney/chest-xray-pneumonia
NORMAL-307,PNG,1024*1024,https://www.kaggle.com/paultimothymooney/chest-xray-pneumonia
NORMAL-308,PNG,1024*1024,https://www.kaggle.com/paultimothymooney/chest-xray-pneumonia
NORMAL-309,PNG,1024*1024,https://www.kaggle.com/paultimothymooney/chest-xray-pneumonia
NORMAL-310,PNG,1024*1024,https://www.kaggle.com/paultimothymooney/chest-xray-pneumonia
NORMAL-311,PNG,1024*1024,https://www.kaggle.com/paultimothymooney/chest-xray-pneumonia
NORMAL-312,PNG,1024*1024,https://www.kaggle.com/paultimothymooney/chest-xray-pneumonia
NORMAL-313,PNG,1024*1024,https://www.kaggle.com/paultimothymooney/chest-xray-pneumonia
NORMAL-314,PNG,1024*1024,https://www.kaggle.com/paultimothymooney/chest-xray-pneumonia
NORMAL-315,PNG,1024*1024,https://www.kaggle.com/paultimothymooney/chest-xray-pneumonia
NORMAL-316,PNG,1024*1024,https://www.kaggle.com/paultimothymooney/chest-xray-pneumonia
NORMAL-317,PNG,1024*1024,https://www.kaggle.com/paultimothymooney/chest-xray-pneumonia
NORMAL-318,PNG,1024*1024,https://www.kaggle.com/paultimothymooney/chest-xray-pneumonia
NORMAL-319,PNG,1024*1024,https://www.kaggle.com/paultimothymooney/chest-xray-pneumonia
NORMAL-320,PNG,1024*1024,https://www.kaggle.com/paultimothymooney/chest-xray-pneumonia
NORMAL-321,PNG,1024*1024,https://www.kaggle.com/paultimothymooney/chest-xray-pneumonia
NORMAL-322,PNG,1024*1024,https://www.kaggle.com/paultimothymooney/chest-xray-pneumonia
NORMAL-323,PNG,1024*1024,https://www.kaggle.com/paultimothymooney/chest-xray-pneumonia
NORMAL-324,PNG,1024*1024,https://www.kaggle.com/paultimothymooney/chest-xray-pneumonia
NORMAL-325,PNG,1024*1024,https://www.kaggle.com/paultimothymooney/chest-xray-pneumonia
NORMAL-326,PNG,1024*1024,https://www.kaggle.com/paultimothymooney/chest-xray-pneumonia
NORMAL-327,PNG,1024*1024,https://www.kaggle.com/paultimothymooney/chest-xray-pneumonia
NORMAL-328,PNG,1024*1024,https://www.kaggle.com/paultimothymooney/chest-xray-pneumonia
NORMAL-329,PNG,1024*1024,https://www.kaggle.com/paultimothymooney/chest-xray-pneumonia
NORMAL-330,PNG,1024*1024,https://www.kaggle.com/paultimothymooney/chest-xray-pneumonia
NORMAL-331,PNG,1024*1024,https://www.kaggle.com/paultimothymooney/chest-xray-pneumonia
NORMAL-332,PNG,1024*1024,https://www.kaggle.com/paultimothymooney/chest-xray-pneumonia
NORMAL-333,PNG,1024*1024,https://www.kaggle.com/paultimothymooney/chest-xray-pneumonia
NORMAL-334,PNG,1024*1024,https://www.kaggle.com/paultimothymooney/chest-xray-pneumonia
NORMAL-335,PNG,1024*1024,https://www.kaggle.com/paultimothymooney/chest-xray-pneumonia
NORMAL-336,PNG,1024*1024,https://www.kaggle.com/paultimothymooney/chest-xray-pneumonia
NORMAL-337,PNG,1024*1024,https://www.kaggle.com/paultimothymooney/chest-xray-pneumonia
NORMAL-338,PNG,1024*1024,https://www.kaggle.com/paultimothymooney/chest-xray-pneumonia
NORMAL-339,PNG,1024*1024,https://www.kaggle.com/paultimothymooney/chest-xray-pneumonia
NORMAL-340,PNG,1024*1024,https://www.kaggle.com/paultimothymooney/chest-xray-pneumonia
NORMAL-341,PNG,1024*1024,https://www.kaggle.com/paultimothymooney/chest-xray-pneumonia
NORMAL-342,PNG,1024*1024,https://www.kaggle.com/paultimothymooney/chest-xray-pneumonia
NORMAL-343,PNG,1024*1024,https://www.kaggle.com/paultimothymooney/chest-xray-pneumonia
NORMAL-344,PNG,1024*1024,https://www.kaggle.com/paultimothymooney/chest-xray-pneumonia
NORMAL-345,PNG,1024*1024,https://www.kaggle.com/paultimothymooney/chest-xray-pneumonia
NORMAL-346,PNG,1024*1024,https://www.kaggle.com/paultimothymooney/chest-xray-pneumonia
NORMAL-347,PNG,1024*1024,https://www.kaggle.com/paultimothymooney/chest-xray-pneumonia
NORMAL-348,PNG,1024*1024,https://www.kaggle.com/paultimothymooney/chest-xray-pneumonia
NORMAL-349,PNG,1024*1024,https://www.kaggle.com/paultimothymooney/chest-xray-pneumonia
NORMAL-350,PNG,1024*1024,https://www.kaggle.com/paultimothymooney/chest-xray-pneumonia
NORMAL-351,PNG,1024*1024,https://www.kaggle.com/paultimothymooney/chest-xray-pneumonia
NORMAL-352,PNG,1024*1024,https://www.kaggle.com/paultimothymooney/chest-xray-pneumonia
NORMAL-353,PNG,1024*1024,https://www.kaggle.com/paultimothymooney/chest-xray-pneumonia
NORMAL-354,PNG,1024*1024,https://www.kaggle.com/paultimothymooney/chest-xray-pneumonia
NORMAL-355,PNG,1024*1024,https://www.kaggle.com/paultimothymooney/chest-xray-pneumonia
NORMAL-356,PNG,1024*1024,https://www.kaggle.com/paultimothymooney/chest-xray-pneumonia
NORMAL-357,PNG,1024*1024,https://www.kaggle.com/paultimothymooney/chest-xray-pneumonia
NORMAL-358,PNG,1024*1024,https://www.kaggle.com/paultimothymooney/chest-xray-pneumonia
NORMAL-359,PNG,1024*1024,https://www.kaggle.com/paultimothymooney/chest-xray-pneumonia
NORMAL-360,PNG,1024*1024,https://www.kaggle.com/paultimothymooney/chest-xray-pneumonia
NORMAL-361,PNG,1024*1024,https://www.kaggle.com/paultimothymooney/chest-xray-pneumonia
NORMAL-362,PNG,1024*1024,https://www.kaggle.com/paultimothymooney/chest-xray-pneumonia
NORMAL-363,PNG,1024*1024,https://www.kaggle.com/paultimothymooney/chest-xray-pneumonia
NORMAL-364,PNG,1024*1024,https://www.kaggle.com/paultimothymooney/chest-xray-pneumonia
NORMAL-365,PNG,1024*1024,https://www.kaggle.com/paultimothymooney/chest-xray-pneumonia
NORMAL-366,PNG,1024*1024,https://www.kaggle.com/paultimothymooney/chest-xray-pneumonia
NORMAL-367,PNG,1024*1024,https://www.kaggle.com/paultimothymooney/chest-xray-pneumonia
NORMAL-368,PNG,1024*1024,https://www.kaggle.com/paultimothymooney/chest-xray-pneumonia
NORMAL-369,PNG,1024*1024,https://www.kaggle.com/paultimothymooney/chest-xray-pneumonia
NORMAL-370,PNG,1024*1024,https://www.kaggle.com/paultimothymooney/chest-xray-pneumonia
NORMAL-371,PNG,1024*1024,https://www.kaggle.com/paultimothymooney/chest-xray-pneumonia
NORMAL-372,PNG,1024*1024,https://www.kaggle.com/paultimothymooney/chest-xray-pneumonia
NORMAL-373,PNG,1024*1024,https://www.kaggle.com/paultimothymooney/chest-xray-pneumonia
NORMAL-374,PNG,1024*1024,https://www.kaggle.com/paultimothymooney/chest-xray-pneumonia
NORMAL-375,PNG,1024*1024,https://www.kaggle.com/paultimothymooney/chest-xray-pneumonia
NORMAL-376,PNG,1024*1024,https://www.kaggle.com/paultimothymooney/chest-xray-pneumonia
NORMAL-377,PNG,1024*1024,https://www.kaggle.com/paultimothymooney/chest-xray-pneumonia
NORMAL-378,PNG,1024*1024,https://www.kaggle.com/paultimothymooney/chest-xray-pneumonia
NORMAL-379,PNG,1024*1024,https://www.kaggle.com/paultimothymooney/chest-xray-pneumonia
NORMAL-380,PNG,1024*1024,https://www.kaggle.com/paultimothymooney/chest-xray-pneumonia
NORMAL-381,PNG,1024*1024,https://www.kaggle.com/paultimothymooney/chest-xray-pneumonia
NORMAL-382,PNG,1024*1024,https://www.kaggle.com/paultimothymooney/chest-xray-pneumonia
NORMAL-383,PNG,1024*1024,https://www.kaggle.com/paultimothymooney/chest-xray-pneumonia
NORMAL-384,PNG,1024*1024,https://www.kaggle.com/paultimothymooney/chest-xray-pneumonia
NORMAL-385,PNG,1024*1024,https://www.kaggle.com/paultimothymooney/chest-xray-pneumonia
NORMAL-386,PNG,1024*1024,https://www.kaggle.com/paultimothymooney/chest-xray-pneumonia
NORMAL-387,PNG,1024*1024,https://www.kaggle.com/paultimothymooney/chest-xray-pneumonia
NORMAL-388,PNG,1024*1024,https://www.kaggle.com/paultimothymooney/chest-xray-pneumonia
NORMAL-389,PNG,1024*1024,https://www.kaggle.com/paultimothymooney/chest-xray-pneumonia
NORMAL-390,PNG,1024*1024,https://www.kaggle.com/paultimothymooney/chest-xray-pneumonia
NORMAL-391,PNG,1024*1024,https://www.kaggle.com/paultimothymooney/chest-xray-pneumonia
NORMAL-392,PNG,1024*1024,https://www.kaggle.com/paultimothymooney/chest-xray-pneumonia
NORMAL-393,PNG,1024*1024,https://www.kaggle.com/paultimothymooney/chest-xray-pneumonia
NORMAL-394,PNG,1024*1024,https://www.kaggle.com/paultimothymooney/chest-xray-pneumonia
NORMAL-395,PNG,1024*1024,https://www.kaggle.com/paultimothymooney/chest-xray-pneumonia
NORMAL-396,PNG,1024*1024,https://www.kaggle.com/paultimothymooney/chest-xray-pneumonia
NORMAL-397,PNG,1024*1024,https://www.kaggle.com/paultimothymooney/chest-xray-pneumonia
NORMAL-398,PNG,1024*1024,https://www.kaggle.com/paultimothymooney/chest-xray-pneumonia
NORMAL-399,PNG,1024*1024,https://www.kaggle.com/paultimothymooney/chest-xray-pneumonia
NORMAL-400,PNG,1024*1024,https://www.kaggle.com/paultimothymooney/chest-xray-pneumonia
NORMAL-401,PNG,1024*1024,https://www.kaggle.com/paultimothymooney/chest-xray-pneumonia
NORMAL-402,PNG,1024*1024,https://www.kaggle.com/paultimothymooney/chest-xray-pneumonia
NORMAL-403,PNG,1024*1024,https://www.kaggle.com/paultimothymooney/chest-xray-pneumonia
NORMAL-404,PNG,1024*1024,https://www.kaggle.com/paultimothymooney/chest-xray-pneumonia
NORMAL-405,PNG,1024*1024,https://www.kaggle.com/paultimothymooney/chest-xray-pneumonia
NORMAL-406,PNG,1024*1024,https://www.kaggle.com/paultimothymooney/chest-xray-pneumonia
NORMAL-407,PNG,1024*1024,https://www.kaggle.com/paultimothymooney/chest-xray-pneumonia
NORMAL-408,PNG,1024*1024,https://www.kaggle.com/paultimothymooney/chest-xray-pneumonia
NORMAL-409,PNG,1024*1024,https://www.kaggle.com/paultimothymooney/chest-xray-pneumonia
NORMAL-410,PNG,1024*1024,https://www.kaggle.com/paultimothymooney/chest-xray-pneumonia
NORMAL-411,PNG,1024*1024,https://www.kaggle.com/paultimothymooney/chest-xray-pneumonia
NORMAL-412,PNG,1024*1024,https://www.kaggle.com/paultimothymooney/chest-xray-pneumonia
NORMAL-413,PNG,1024*1024,https://www.kaggle.com/paultimothymooney/chest-xray-pneumonia
NORMAL-414,PNG,1024*1024,https://www.kaggle.com/paultimothymooney/chest-xray-pneumonia
NORMAL-415,PNG,1024*1024,https://www.kaggle.com/paultimothymooney/chest-xray-pneumonia
NORMAL-416,PNG,1024*1024,https://www.kaggle.com/paultimothymooney/chest-xray-pneumonia
NORMAL-417,PNG,1024*1024,https://www.kaggle.com/paultimothymooney/chest-xray-pneumonia
NORMAL-418,PNG,1024*1024,https://www.kaggle.com/paultimothymooney/chest-xray-pneumonia
NORMAL-419,PNG,1024*1024,https://www.kaggle.com/paultimothymooney/chest-xray-pneumonia
NORMAL-420,PNG,1024*1024,https://www.kaggle.com/paultimothymooney/chest-xray-pneumonia
NORMAL-421,PNG,1024*1024,https://www.kaggle.com/paultimothymooney/chest-xray-pneumonia
NORMAL-422,PNG,1024*1024,https://www.kaggle.com/paultimothymooney/chest-xray-pneumonia
NORMAL-423,PNG,1024*1024,https://www.kaggle.com/paultimothymooney/chest-xray-pneumonia
NORMAL-424,PNG,1024*1024,https://www.kaggle.com/paultimothymooney/chest-xray-pneumonia
NORMAL-425,PNG,1024*1024,https://www.kaggle.com/paultimothymooney/chest-xray-pneumonia
NORMAL-426,PNG,1024*1024,https://www.kaggle.com/paultimothymooney/chest-xray-pneumonia
NORMAL-427,PNG,1024*1024,https://www.kaggle.com/paultimothymooney/chest-xray-pneumonia
NORMAL-428,PNG,1024*1024,https://www.kaggle.com/paultimothymooney/chest-xray-pneumonia
NORMAL-429,PNG,1024*1024,https://www.kaggle.com/paultimothymooney/chest-xray-pneumonia
NORMAL-430,PNG,1024*1024,https://www.kaggle.com/paultimothymooney/chest-xray-pneumonia
NORMAL-431,PNG,1024*1024,https://www.kaggle.com/paultimothymooney/chest-xray-pneumonia
NORMAL-432,PNG,1024*1024,https://www.kaggle.com/paultimothymooney/chest-xray-pneumonia
NORMAL-433,PNG,1024*1024,https://www.kaggle.com/paultimothymooney/chest-xray-pneumonia
NORMAL-434,PNG,1024*1024,https://www.kaggle.com/paultimothymooney/chest-xray-pneumonia
NORMAL-435,PNG,1024*1024,https://www.kaggle.com/paultimothymooney/chest-xray-pneumonia
NORMAL-436,PNG,1024*1024,https://www.kaggle.com/paultimothymooney/chest-xray-pneumonia
NORMAL-437,PNG,1024*1024,https://www.kaggle.com/paultimothymooney/chest-xray-pneumonia
NORMAL-438,PNG,1024*1024,https://www.kaggle.com/paultimothymooney/chest-xray-pneumonia
NORMAL-439,PNG,1024*1024,https://www.kaggle.com/paultimothymooney/chest-xray-pneumonia
NORMAL-440,PNG,1024*1024,https://www.kaggle.com/paultimothymooney/chest-xray-pneumonia
NORMAL-441,PNG,1024*1024,https://www.kaggle.com/paultimothymooney/chest-xray-pneumonia
NORMAL-442,PNG,1024*1024,https://www.kaggle.com/paultimothymooney/chest-xray-pneumonia
NORMAL-443,PNG,1024*1024,https://www.kaggle.com/paultimothymooney/chest-xray-pneumonia
NORMAL-444,PNG,1024*1024,https://www.kaggle.com/paultimothymooney/chest-xray-pneumonia
NORMAL-445,PNG,1024*1024,https://www.kaggle.com/paultimothymooney/chest-xray-pneumonia
NORMAL-446,PNG,1024*1024,https://www.kaggle.com/paultimothymooney/chest-xray-pneumonia
NORMAL-447,PNG,1024*1024,https://www.kaggle.com/paultimothymooney/chest-xray-pneumonia
NORMAL-448,PNG,1024*1024,https://www.kaggle.com/paultimothymooney/chest-xray-pneumonia
NORMAL-449,PNG,1024*1024,https://www.kaggle.com/paultimothymooney/chest-xray-pneumonia
NORMAL-450,PNG,1024*1024,https://www.kaggle.com/paultimothymooney/chest-xray-pneumonia
NORMAL-451,PNG,1024*1024,https://www.kaggle.com/paultimothymooney/chest-xray-pneumonia
NORMAL-452,PNG,1024*1024,https://www.kaggle.com/paultimothymooney/chest-xray-pneumonia
NORMAL-453,PNG,1024*1024,https://www.kaggle.com/paultimothymooney/chest-xray-pneumonia
NORMAL-454,PNG,1024*1024,https://www.kaggle.com/paultimothymooney/chest-xray-pneumonia
NORMAL-455,PNG,1024*1024,https://www.kaggle.com/paultimothymooney/chest-xray-pneumonia
NORMAL-456,PNG,1024*1024,https://www.kaggle.com/paultimothymooney/chest-xray-pneumonia
NORMAL-457,PNG,1024*1024,https://www.kaggle.com/paultimothymooney/chest-xray-pneumonia
NORMAL-458,PNG,1024*1024,https://www.kaggle.com/paultimothymooney/chest-xray-pneumonia
NORMAL-459,PNG,1024*1024,https://www.kaggle.com/paultimothymooney/chest-xray-pneumonia
NORMAL-460,PNG,1024*1024,https://www.kaggle.com/paultimothymooney/chest-xray-pneumonia
NORMAL-461,PNG,1024*1024,https://www.kaggle.com/paultimothymooney/chest-xray-pneumonia
NORMAL-462,PNG,1024*1024,https://www.kaggle.com/paultimothymooney/chest-xray-pneumonia
NORMAL-463,PNG,1024*1024,https://www.kaggle.com/paultimothymooney/chest-xray-pneumonia
NORMAL-464,PNG,1024*1024,https://www.kaggle.com/paultimothymooney/chest-xray-pneumonia
NORMAL-465,PNG,1024*1024,https://www.kaggle.com/paultimothymooney/chest-xray-pneumonia
NORMAL-466,PNG,1024*1024,https://www.kaggle.com/paultimothymooney/chest-xray-pneumonia
NORMAL-467,PNG,1024*1024,https://www.kaggle.com/paultimothymooney/chest-xray-pneumonia
NORMAL-468,PNG,1024*1024,https://www.kaggle.com/paultimothymooney/chest-xray-pneumonia
NORMAL-469,PNG,1024*1024,https://www.kaggle.com/paultimothymooney/chest-xray-pneumonia
NORMAL-470,PNG,1024*1024,https://www.kaggle.com/paultimothymooney/chest-xray-pneumonia
NORMAL-471,PNG,1024*1024,https://www.kaggle.com/paultimothymooney/chest-xray-pneumonia
NORMAL-472,PNG,1024*1024,https://www.kaggle.com/paultimothymooney/chest-xray-pneumonia
NORMAL-473,PNG,1024*1024,https://www.kaggle.com/paultimothymooney/chest-xray-pneumonia
NORMAL-474,PNG,1024*1024,https://www.kaggle.com/paultimothymooney/chest-xray-pneumonia
NORMAL-475,PNG,1024*1024,https://www.kaggle.com/paultimothymooney/chest-xray-pneumonia
NORMAL-476,PNG,1024*1024,https://www.kaggle.com/paultimothymooney/chest-xray-pneumonia
NORMAL-477,PNG,1024*1024,https://www.kaggle.com/paultimothymooney/chest-xray-pneumonia
NORMAL-478,PNG,1024*1024,https://www.kaggle.com/paultimothymooney/chest-xray-pneumonia
NORMAL-479,PNG,1024*1024,https://www.kaggle.com/paultimothymooney/chest-xray-pneumonia
NORMAL-480,PNG,1024*1024,https://www.kaggle.com/paultimothymooney/chest-xray-pneumonia
NORMAL-481,PNG,1024*1024,https://www.kaggle.com/paultimothymooney/chest-xray-pneumonia
NORMAL-482,PNG,1024*1024,https://www.kaggle.com/paultimothymooney/chest-xray-pneumonia
NORMAL-483,PNG,1024*1024,https://www.kaggle.com/paultimothymooney/chest-xray-pneumonia
NORMAL-484,PNG,1024*1024,https://www.kaggle.com/paultimothymooney/chest-xray-pneumonia
NORMAL-485,PNG,1024*1024,https://www.kaggle.com/paultimothymooney/chest-xray-pneumonia
NORMAL-486,PNG,1024*1024,https://www.kaggle.com/paultimothymooney/chest-xray-pneumonia
NORMAL-487,PNG,1024*1024,https://www.kaggle.com/paultimothymooney/chest-xray-pneumonia
NORMAL-488,PNG,1024*1024,https://www.kaggle.com/paultimothymooney/chest-xray-pneumonia
NORMAL-489,PNG,1024*1024,https://www.kaggle.com/paultimothymooney/chest-xray-pneumonia
NORMAL-490,PNG,1024*1024,https://www.kaggle.com/paultimothymooney/chest-xray-pneumonia
NORMAL-491,PNG,1024*1024,https://www.kaggle.com/paultimothymooney/chest-xray-pneumonia
NORMAL-492,PNG,1024*1024,https://www.kaggle.com/paultimothymooney/chest-xray-pneumonia
NORMAL-493,PNG,1024*1024,https://www.kaggle.com/paultimothymooney/chest-xray-pneumonia
NORMAL-494,PNG,1024*1024,https://www.kaggle.com/paultimothymooney/chest-xray-pneumonia
NORMAL-495,PNG,1024*1024,https://www.kaggle.com/paultimothymooney/chest-xray-pneumonia
NORMAL-496,PNG,1024*1024,https://www.kaggle.com/paultimothymooney/chest-xray-pneumonia
NORMAL-497,PNG,1024*1024,https://www.kaggle.com/paultimothymooney/chest-xray-pneumonia
NORMAL-498,PNG,1024*1024,https://www.kaggle.com/paultimothymooney/chest-xray-pneumonia
NORMAL-499,PNG,1024*1024,https://www.kaggle.com/paultimothymooney/chest-xray-pneumonia
